{
  "description": {
    "title": "🌿✨POWER NUTRYUN ✨🌿",
    "text": "Power Nutryun 🌿💜 Cansado de tentar inúmeras dietas? Academias sem resultados? E até mesmo o efeito sanfona? Eu tenho a solução para você! Quer emagrecer com saúde? Retirando apenas “ fast-food, refrigerante e álcool no tempo do tratamento”? Saiba que com o NUTRYUN você pode eliminar até 10kg em 30 dias."
  },
  "links_1": {
    "list_pages": true,
    "title": "Sobre nós :)",
    "list": []
  },
  "links_2": {
    "list_categories": true,
    "title": "Categorias",
    "list": []
  },
  "contacts": {
    "title": "Contatos",
    "phone_wpp": true,
    "socials": true,
    "email": true,
    "address": true
  },
  "stamps": [
    {
      "src": "/img/uploads/ssl-safe.png",
      "alt": "Secure connection"
    }
  ],
  "payment_methods": {
    "bb": true,
    "visa": true,
    "boleto": true,
    "aura": false,
    "banrisul": false,
    "elo": true,
    "hipercard": false,
    "hsbc": false,
    "bradesco": true,
    "santander": false,
    "mastercard": true,
    "citibank": false,
    "mais": false,
    "itau": true
  },
  "credits": ""
}