{
  "meta_title": "",
  "meta_description": "",
  "sections": [
    {
      "type": "banner-slider",
      "autoplay": 9000,
      "full_width": true,
      "slides": [
        {
          "start": "",
          "end": "",
          "img": "/img/uploads/48781-277103888_4892655844151174_2611581436519647964_n.jpg"
        },
        {
          "start": "",
          "end": "",
          "img": "/img/uploads/48781-277977004_490064896198077_4825832939621690993_n.jpg"
        },
        {
          "start": "",
          "end": "",
          "img": "/img/uploads/48781-48c2f287-5931-4190-a94e-859398ae0d43.jpeg"
        }
      ]
    },
    {
      "type": "info-bar",
      "enabled": true
    },
    {
      "type": "collection-shelf",
      "shuffle": true,
      "collection_id": null,
      "sort": "sales",
      "title": "Produtos Populares",
      "headless": false,
      "limit": 12,
      "page": 1
    }
  ]
}